,종목코드,현재가,종목명,배당률,영업이익증가율,영업이익,부채비율,ROA,per,psr,pcr,pbr,perRanK,psrRanK,pcrRanK,pbrRanK,totalRank
0,A900300,639,오가닉티코스메틱,8.449999809265137,0.49000000953674316,61014000000,11.069999694824219,19.43000030517578,0.5961758776674206,0.12643450732093392,0.7244897959183674,0.12792792792792793,0,52,2,2,56
1,A900280,207,골든센츄리,41.060001373291016,6.949999809265137,28443000000,11.829999923706055,14.989999771118164,1.1555553211686531,0.13754152823920265,0.7781954887218046,0.10043668122270742,3,57,4,0,64
2,A306200,28900,세아제강,6.920000076293945,309.8800048828125,45911000000,80.11000061035156,0.0,1.7853906471216048,0.0,1.008127812467297,0.14350408167318807,22,32,8,4,66
3,A900290,1000,GRT,0.0,20.90999984741211,77397000000,14.34000015258789,15.9399995803833,0.8705117769422588,0.17577781683951485,0.7479431563201197,0.1352082206598161,1,68,3,3,75
4,A013570,2700,디와이,5.550000190734863,2.0,46337000000,66.55000305175781,1.75,1.533612644323111,0.08109569291764282,0.9719222462203023,0.19819423034573883,14,43,7,11,75
5,A037330,1020,인지디스플레,7.349999904632568,675.4500122070312,22135000000,57.040000915527344,6.610000133514404,2.0222691881635417,0.0722072773608948,1.0169491525423728,0.21500843170320405,24,41,9,14,88
6,A036530,10350,S&T홀딩스,4.829999923706055,73.80999755859375,126277000000,37.560001373291016,8.770000457763672,1.3363100176595897,0.11159510922303927,1.1479591836734695,0.22025025536261492,9,50,13,18,90
7,A012320,18000,경동인베스트,2.7699999809265137,7.78000020980835,39212000000,48.790000915527344,7.349999904632568,1.0856476078751403,0.15966364192767238,1.381639545594105,0.1052625423243139,2,64,24,1,91
8,A084010,3680,대한제강,5.429999828338623,822.97998046875,42026000000,37.470001220703125,6.730000019073486,2.1581873392661683,0.08877309789163892,1.5051124744376279,0.1971604607554246,28,44,29,9,110
9,A009970,27400,영원무역홀딩스,3.640000104904175,17.299999237060547,298988000000,47.119998931884766,9.600000381469727,1.2495993845906859,0.13645758111506762,1.1545105970589475,0.27156676181414524,7,56,14,35,112
10,A004560,5190,현대비앤지스틸,1.9199999570846558,13.979999542236328,35042000000,58.529998779296875,5.199999809265137,2.2332923089435535,0.1088506711409396,1.4665159649618535,0.197473556045963,30,47,28,10,115
11,A003240,496000,태광산업,0.6000000238418579,37.439998626708984,331508000000,28.459999084472656,7.389999866485596,1.665861457340396,0.181589863185218,1.288291611039828,0.1715628371374049,19,71,20,6,116
12,A093050,8940,LF,5.590000152587891,8.5,119508000000,39.58000183105469,7.349999904632568,2.18734812732202,0.14444282875284767,1.4105396023982328,0.21743360249051463,29,58,25,15,127
13,A005990,6950,매일홀딩스,1.7200000286102295,6.159999847412109,66963000000,64.5,9.680000305175781,1.4238043815241253,0.06078469100386573,1.4279843846311897,0.32020271826768026,11,40,26,56,133
14,A000070,36500,삼양홀딩스,5.46999979019165,40.099998474121094,138457000000,65.52999877929688,5.010000228881836,2.25771099691601,0.12866882407270316,1.6215735927851083,0.22293616085607484,31,53,31,19,134
15,A023600,5330,삼보판지,0.8500000238418579,601.260009765625,53733000000,49.72999954223633,19.450000762939453,1.603969627603149,0.23419306647919505,1.1873468478503006,0.2417233560090703,18,88,16,25,147
16,A001530,42700,DI동일,3.440000057220459,102.4800033569336,44454000000,84.86000061035156,0.0,2.3258792009717912,0.11060141787391438,1.917894358605821,0.20945233365217178,34,49,52,13,148
17,A145990,24500,삼양사,6.119999885559082,9.09000015258789,96967000000,71.72000122070312,4.130000114440918,2.5998553476956077,0.12307537738929496,1.6674606955693188,0.23264205408690367,41,51,36,24,152
18,A014710,2550,사조씨푸드,2.740000009536743,8.729999542236328,17174000000,73.08999633789062,5.880000114440918,2.556613756259462,0.10947024984974671,1.9303557910673732,0.20278330019880716,38,48,54,12,152
19,A210540,5160,디와이파워,3.869999885559082,6.559999942779541,35806000000,72.1500015258789,18.31999969482422,1.591219719600067,0.15622161671207993,1.1405835543766578,0.3394513518847444,16,63,12,62,153
20,A054800,7620,아이디스홀딩스,2.619999885559082,69.83000183105469,54750000000,30.899999618530273,10.720000267028809,1.4401808350684933,0.14779758325736564,1.440998487140696,0.3360529217199559,12,60,27,58,157
21,A006580,1845,대양제지,2.7100000381469727,1643.760009765625,41611000000,78.94000244140625,30.75,1.1905085193818943,0.18580060422960726,0.9271356783919598,0.3758402933387655,4,74,6,76,160
22,A140070,903,서플러스글로벌,4.420000076293945,1.6299999952316284,27164000000,45.79999923706055,17.459999084472656,1.2295745840082462,0.28387299591323484,1.1696891191709844,0.2736363636363636,5,105,15,38,163
23,A006740,2250,영풍제지,1.7699999809265137,449.5199890136719,18082000000,25.020000457763672,-5.46999979019165,2.762415661984294,0.0,2.227722772277228,0.42589437819420783,44,0,65,96,205
24,A016590,40550,신대양제지,1.840000033378601,305.5199890136719,116632000000,47.439998626708984,24.790000915527344,1.40105339958159,0.24876537529523635,1.2031212912413958,0.4010761302829787,10,94,17,88,209
25,A007680,6460,대원,3.859999895095825,23.93000030517578,28607000000,54.880001068115234,11.720000267028809,2.616705344845667,0.28817415354418524,1.8100308209582516,0.25508390918065155,42,108,43,29,222
26,A065130,5990,탑엔지니어링,1.659999966621399,124.20999908447266,33917000000,83.27999877929688,10.149999618530273,2.821528420261226,0.07364241015994787,1.6424458459007403,0.4460828120345547,46,42,33,103,224
27,A007540,21600,샘표,0.9200000166893005,50.15999984741211,29530000000,32.040000915527344,7.75,2.1035313240772098,0.22103970528039296,1.6593685180917261,0.38466333054333696,27,84,35,81,227
28,A029460,9640,케이씨,2.2799999713897705,37.11000061035156,76131000000,37.9900016784668,67.41000366210938,1.716265176603486,0.25543867087098227,1.9518121077141122,0.3148783276171811,20,96,56,55,227
29,A092230,38900,KPX홀딩스,6.679999828338623,90.05000305175781,64305000000,22.65999984741211,5.550000190734863,2.5556135510457976,0.1626600989341373,2.7734207899615,0.2602407059280023,37,65,95,30,227
30,A012630,6900,HDC,2.1700000762939453,11.539999961853027,95427000000,61.34000015258789,38.81999969482422,4.319719522776572,0.2560296846011132,1.2448132780082988,0.19521855990946385,108,97,18,8,231
31,A000320,6900,노루홀딩스,5.789999961853027,144.35000610351562,25013000000,77.5199966430664,1.25,3.666451121416863,0.10515407357737207,2.3622047244094486,0.2545374059318282,82,46,75,28,231
32,A299910,4650,베스파,0.0,317.3900146484375,28225000000,23.65999984741211,-232.17999267578125,1.320702308237378,0.3102688997130847,0.829172610556348,0.4470723968849149,8,119,5,105,237
33,A010040,1805,한국내화,1.9299999475479126,6.289999961853027,11469000000,58.040000915527344,5.659999847412109,3.5982959072281804,0.18497642959622873,1.7748279252704031,0.2949346405228758,76,72,42,48,238
34,A031980,4565,피에스케이홀딩스,8.760000228881836,17.170000076293945,67584000000,17.760000228881836,21.40999984741211,1.4564443237304687,0.18902691511387162,1.0501495284103979,0.5202279202279202,13,77,11,138,239
35,A163560,3300,동일고무벨트,2.640000104904175,80.0199966430664,12106000000,52.25,5.650000095367432,3.6391045762431853,0.17662170841361594,2.345415778251599,0.22576452076349457,79,69,72,20,240
36,A046310,1455,백금T&A,3.430000066757202,182.22999572753906,18452000000,77.37000274658203,4.510000228881836,1.2311998357901583,0.14479052642053936,1.344731977818854,0.5490566037735849,6,59,22,154,241
37,A002270,212000,롯데푸드,7.070000171661377,2.0199999809265137,67574000000,77.04000091552734,6.309999942779541,3.551017255157309,0.1346171064052978,2.013218871078022,0.33913108856280405,73,54,58,61,246
38,A900340,921,윙입푸드,0.0,16.290000915527344,27916000000,31.030000686645508,0.0,1.5827313077804843,0.34365671641791046,1.3026874115983027,0.39208173690932313,15,131,21,84,251
39,A152330,8970,코리아오토글라스,10.029999732971191,15.59000015258789,57535000000,37.970001220703125,0.0,3.118102024854436,0.0,1.9113573407202216,0.49711815561959655,58,17,51,129,255
40,A088910,2010,동우팜투테이블,2.4800000190734863,0.75,16969000000,16.920000076293945,10.069999694824219,3.0598058600978253,0.19299087854056649,2.630890052356021,0.27187880427431355,57,78,86,36,257
41,A049070,7260,인탑스,2.75,18.81999969482422,34192000000,37.349998474121094,5.760000228881836,3.65208235844642,0.13615903975993998,2.402382528127068,0.2880380876810157,81,55,79,44,259
42,A005440,5020,현대그린푸드,4.179999828338623,57.58000183105469,137226000000,34.400001525878906,6.099999904632568,3.5742242697448003,0.1556927084948671,2.5969994826694256,0.278502080443828,75,62,84,40,261
43,A001800,10950,오리온홀딩스,5.929999828338623,15.680000305175781,266659000000,30.81999969482422,2.5399999618530273,2.5724515988584673,0.3260966675600822,1.5918011338857392,0.35613230559078934,40,124,30,68,262
44,A011500,3100,한농화성,4.829999923706055,110.88999938964844,11950000000,35.81999969482422,0.0,4.056471146443514,0.0,2.361005331302361,0.4030161206448258,97,2,74,89,262
45,A023000,1460,삼원강재,7.869999885559082,4.690000057220459,10797000000,18.81999969482422,0.0,5.408909882374734,0.0,2.6353790613718413,0.2781482187083254,135,4,87,39,265
46,A007340,21900,디티알오토모티브,4.559999942779541,20.549999237060547,71691000000,54.52000045776367,10.760000228881836,3.052945411557936,0.23442517662170842,1.8850060251334138,0.3702013286677823,56,89,49,72,266
47,A069730,2300,DSR제강,1.7300000190734863,151.67999267578125,6237000000,50.900001525878906,5.550000190734863,5.31024531024531,0.17082590612002377,1.8744906275468622,0.23246411966848596,132,67,47,23,269
48,A053210,4915,스카이라이프,7.119999885559082,3.930000066757202,69357000000,20.25,8.020000457763672,3.388914787115936,0.338382099827883,1.277618923836756,0.33618331053351574,67,129,19,59,274
49,A126640,632,화신정공,4.739999771118164,161.69000244140625,4004000000,66.43000030517578,0.0,5.741332813186813,0.0,2.3065693430656933,0.28506991429860173,148,16,68,42,274
50,A017650,1040,대림제지,0.9599999785423279,168.24000549316406,13359000000,69.97000122070312,9.109999656677246,3.503256231753874,0.3041825095057034,1.8840579710144927,0.29470104845565315,69,113,48,47,277
51,A016090,1350,대현,5.920000076293945,28.950000762939453,17900000000,39.5,8.34000015258789,3.3397272905027933,0.20203531876683628,2.4816176470588234,0.31192236598890943,66,80,81,52,279
52,A039010,4190,현대통신,7.150000095367432,13.979999542236328,20095000000,47.900001525878906,25.229999542236328,1.7983951231649664,0.33174980205859067,1.6309848189957181,0.44693333333333335,23,127,32,104,286
53,A013120,3120,동원개발,5.920000076293945,11.90999984741211,160073000000,24.799999237060547,18.790000915527344,1.7699504101253802,0.4421768707482993,1.7430167597765363,0.37722161770039897,21,152,39,78,290
54,A212560,2280,네오오토,2.630000114440918,50.83000183105469,2422000000,83.79000091552734,7.730000019073486,7.413259966969447,0.14958666841621834,1.027027027027027,0.22877784467188442,201,61,10,22,294
55,A083930,3705,아바코,8.09000015258789,2.0399999618530273,23336000000,52.34000015258789,15.699999809265137,2.539726218075077,0.26215240925493527,1.989795918367347,0.454601226993865,36,100,57,108,301
56,A015890,3300,태경산업,6.659999847412109,19.40999984741211,23390000000,74.9000015258789,5.820000171661377,4.123765498076101,0.18126888217522658,1.897642323174238,0.3851091142490372,101,70,50,82,303
57,A014830,30000,유니드,4.0,5.869999885559082,84757000000,51.84000015258789,9.859999656677246,3.1465871845393303,0.30473868657626085,1.925545571245186,0.37508439398864746,61,115,53,74,303
58,A174880,1085,장원테크,3.680000066757202,309.8299865722656,11569000000,55.529998779296875,14.989999771118164,3.022601328118247,0.2851511169513798,1.8706896551724137,0.4336530775379696,53,107,45,101,306
59,A241560,13700,두산밥캣,6.559999942779541,16.360000610351562,459049000000,72.37999725341797,7.380000114440918,2.9918670429518417,0.3131213859621055,2.3523351648351647,0.33953753500706335,52,121,73,63,309
60,A051360,5350,토비스,3.7300000190734863,38.25,28506000000,65.22000122070312,11.449999809265137,3.1374538798849363,0.20467500669497685,2.157258064516129,0.46208326135774747,60,81,62,112,315
61,A900310,823,컬러레이,0.0,1.2599999904632568,27855000000,6.409999847412109,21.940000534057617,1.5954765751211633,0.8858988159311088,1.364842454394693,0.2821391840932465,17,237,23,41,318
62,A057050,45250,현대홈쇼핑,4.409999847412109,15.4399995803833,129662000000,44.34000015258789,5.03000020980835,4.1878113865280495,0.24603890949030524,2.328393537099928,0.3135502200048505,104,93,70,53,320
63,A317850,2215,대모,0.0,20.3799991607666,3923000000,75.5199966430664,0.0,4.700124980881978,0.0,2.8252551020408165,0.3576618763119651,119,36,97,69,321
64,A248170,18550,샘표식품,1.0700000524520874,44.45000076293945,31005000000,43.79999923706055,18.56999969482422,2.7331625641025643,0.3017781320665701,1.7323496451251401,0.5396363636363637,43,112,38,147,340
65,A111770,17550,영원무역,2.2699999809265137,18.170000076293945,237561000000,57.66999816894531,9.819999694824219,3.273543483147486,0.3256210920830473,2.1934758155230596,0.42185471852314793,64,123,64,94,345
66,A030530,2910,원익홀딩스,0.0,2.8399999141693115,78477000000,34.70000076293945,10.829999923706055,2.8640560254596887,0.5087412587412588,2.6028622540250446,0.2857423409269442,50,169,85,43,347
67,A075970,1290,동국알앤에스,6.199999809265137,53.41999816894531,5790000000,59.15999984741211,3.9600000381469727,4.099481865284974,0.23205612520237454,3.1463414634146343,0.3148645350256285,98,86,114,54,352
68,A003200,45500,일신방직,4.389999866485596,31.459999084472656,19011000000,29.600000381469727,3.059999942779541,5.744042922518542,0.22971096806765115,3.1847133757961785,0.15502608186058556,149,85,116,5,355
69,A002170,40000,삼양통상,2.5,53.880001068115234,49436000000,13.0600004196167,14.220000267028809,2.427380856056315,0.6246486351427322,2.1117094287825995,0.3650234527568396,35,196,60,70,361
70,A014530,2145,극동유화,7.449999809265137,36.400001525878906,18556000000,75.16999816894531,10.569999694824219,4.0307666469066605,0.093014179784051,3.245083207261725,0.4504409911801764,94,45,120,107,366
71,A308100,5680,까스텔바작,0.0,21.239999771118164,14574000000,26.25,0.0,2.5709658295594897,0.38792514683786367,2.3976361333896157,0.4689176917361512,39,140,78,114,371
72,A127710,899,아시아경제,8.890000343322754,12.649999618530273,5754000000,47.54999923706055,31.09000015258789,3.9854626114007647,0.5993333333333334,2.518207282913165,0.21905458089668617,93,192,82,16,383
73,A020000,16750,한섬,2.680000066757202,16.84000015258789,106549000000,26.600000381469727,8.359999656677246,3.8719509333733777,0.3274746329351502,2.6740102171136653,0.3945818610129564,89,125,89,85,388
74,A084730,4400,팅크웨어,5.900000095367432,9.510000228881836,7722000000,36.61000061035156,1.7000000476837158,5.9405595441595445,0.2384177729612571,2.7346177750155376,0.31095406360424027,156,90,93,51,390
75,A093380,1510,풍강,3.9700000286102295,109.61000061035156,1538000000,44.880001068115234,1.809999942779541,9.699455546163849,0.1868118272918471,1.7660818713450293,0.24540874370225907,249,76,40,27,392
76,A094820,3600,일진파워,9.15999984741211,7.260000228881836,19063000000,51.560001373291016,18.93000030517578,2.847576582909301,0.3082191780821918,2.262727844123193,0.5854610505773297,48,116,67,164,395
77,A015350,25800,부산가스,3.869999885559082,5.5,43528000000,54.79999923706055,0.0,6.519941187281749,0.0,3.198214949795463,0.42374969204237495,181,3,117,95,396
78,A025000,41050,KPX케미칼,6.090000152587891,103.05999755859375,48429000000,12.989999771118164,9.029999732971191,4.1025418654112205,0.2594734679687747,2.970332850940666,0.42597569707472477,99,98,106,97,400
79,A091120,5700,이엠텍,2.630000114440918,55.31999969482422,21165000000,50.63999938964844,14.270000457763672,4.325411537916372,0.29667412689324935,2.1847451130701416,0.49015392553100007,109,111,63,123,406
80,A011280,2150,태림포장,10.829999923706055,978.3900146484375,35733000000,79.69999694824219,6.940000057220459,4.260285198555957,0.2616208323192991,2.711223203026482,0.4605826906598115,105,99,91,111,406
81,A208710,1060,바이오로그디바이,0.0,20.0,7987000000,66.19999694824219,13.279999732971191,3.8315485689245024,0.3455019556714472,1.6719242902208202,0.5405405405405406,88,133,37,149,407
82,A003090,6480,대웅,1.5399999618530273,20.549999237060547,107543000000,62.54999923706055,10.430000305175781,3.5033431315845753,0.2758738132742986,2.2554820744865993,0.6002779064381658,70,104,66,167,407
83,A009290,3950,광동제약,2.0199999809265137,23.149999618530273,41803000000,77.16999816894531,5.570000171661377,4.953289511518312,0.16722408026755853,2.879008746355685,0.48952782253067295,122,66,100,121,409
84,A224110,5490,에이텍티앤,1.8200000524520874,110.4800033569336,7800000000,31.8700008392334,7.210000038146973,3.7585384615384614,0.2527158902596207,1.9419879731163778,0.6109503672379256,85,95,55,175,410
85,A015710,3245,코콤,6.0,35.38999938964844,17196000000,30.540000915527344,12.880000114440918,3.3081223831123516,0.3706030150753769,2.713210702341137,0.4904776299879081,65,135,92,125,417
86,A122990,7460,와이솔,3.3499999046325684,1.9500000476837158,53589000000,42.84000015258789,18.889999389648438,3.921750356603034,0.4006014391579852,1.7690301161963482,0.5261673014529553,91,144,41,142,418
87,A264660,4525,씨앤지하이테크,2.200000047683716,18.049999237060547,12070000000,14.229999542236328,24.079999923706055,3.1511845070422537,0.29386933367969864,2.675931401537552,0.5770211680693701,62,110,90,162,424
88,A122450,4285,KMH,2.799999952316284,3.9600000381469727,34640000000,54.08000183105469,23.700000762939453,2.828853957130485,0.43467234733211607,3.1461086637298092,0.4798969649456826,47,150,113,117,427
89,A093520,1850,매커스,6.480000019073486,17.850000381469727,12947000000,68.16999816894531,18.700000762939453,2.309548173322005,0.49162901939941533,2.3417721518987342,0.5759651307596513,32,165,71,161,429
90,A083420,2445,그린케미칼,6.610000133514404,132.1199951171875,7810000000,72.19000244140625,0.0,7.513444302176697,0.0,2.308781869688385,0.5408095554080955,202,13,69,150,434
91,A189860,1970,서전기전,2.5299999713897705,126.56999969482422,5127000000,42.099998474121094,9.550000190734863,3.72666210259411,0.3042940994748224,2.8801169590643276,0.5157068062827225,84,114,101,136,435
92,A141000,5030,비아트론,1.9800000190734863,40.33000183105469,29219000000,19.979999542236328,20.600000381469727,2.0855262431979193,1.131863186318632,1.64702030124427,0.4591510725696029,25,276,34,109,444
93,A014580,1995,백광소재,5.010000228881836,19.65999984741211,8796000000,52.29999923706055,3.200000047683716,6.2560578103683495,0.28475592349414786,2.5609756097560976,0.4139863042124922,166,106,83,91,446
94,A032280,1310,삼일,3.809999942779541,15.579999923706055,3312000000,44.150001525878906,4.179999828338623,6.4129839673913045,0.2197617849354135,3.438320209973753,0.3377159061613818,175,83,129,60,447
95,A028100,10150,동아지질,1.9700000286102295,28.200000762939453,26066000000,62.939998626708984,11.319999694824219,4.478055704749482,0.30952671383264213,1.8744228993536474,0.6107834877843302,112,117,46,174,449
96,A003160,1950,디아이,2.559999942779541,86.91999816894531,21524000000,46.09000015258789,7.860000133514404,2.853499849005761,0.5571428571428572,3.1707317073170733,0.4600141542816702,49,178,115,110,452
97,A053610,10000,프로텍,2.799999952316284,6.789999961853027,32129000000,19.68000030517578,16.670000076293945,3.4236982165644743,0.5327650506126798,2.387774594078319,0.5125576627370579,68,174,77,134,453
98,A084110,18800,휴온스글로벌,2.119999885559082,7.28000020980835,72912000000,27.559999465942383,7.199999809265137,2.816019387755102,0.45685402541858033,2.8816676885346415,0.5424276522692518,45,156,102,152,455
99,A012330,129000,현대모비스,3.0999999046325684,16.510000228881836,2359257000000,43.79999923706055,7.28000020980835,5.197422547013742,0.3253919206951784,3.522184300341297,0.3829495426869996,130,122,135,80,467
100,A091700,6250,파트론,5.599999904632568,248.16000366210938,105172000000,29.520000457763672,18.709999084472656,3.2183239122580156,0.2697919364586031,2.1186440677966103,0.95697442964324,63,102,61,242,468
101,A028670,2085,팬오션,95.91999816894531,4.570000171661377,203936000000,54.84000015258789,6.059999942779541,5.465326360206143,0.44551282051282054,2.8958333333333335,0.3758111031002163,140,153,104,75,472
102,A009300,9860,삼아제약,2.5299999713897705,23.0,9360000000,7.940000057220459,0.0,6.710277777777778,0.0,5.119418483904465,0.37864823348694315,184,1,208,79,472
103,A066670,2590,디스플레이텍,3.859999895095825,83.58999633789062,6566000000,12.25,0.0,7.373144626865671,0.0,5.088408644400785,0.3235073694728953,200,11,205,57,473
104,A227840,5830,현대코퍼레이션홀,8.569999694824219,17.56999969482422,9283000000,34.5099983215332,5.929999828338623,5.71559559194226,0.28848532831906576,4.152421652421652,0.29587900933820543,147,109,169,49,474
105,A255440,7830,야스,6.380000114440918,148.99000549316406,44207000000,68.55999755859375,29.170000076293945,2.3128495487140044,0.7225246839531235,1.8493150684931507,0.6803962460896767,33,210,44,192,479
106,A001460,151000,BYC,0.7200000286102295,9.59000015258789,23393000000,59.7599983215332,6.599999904632568,4.031841362800838,0.7435420175101684,3.2904055261380227,0.29202500971805084,95,217,122,45,479
107,A282690,9240,동아타이어,5.409999847412109,45.29999923706055,18033000000,8.100000381469727,0.0,7.036713724837798,0.0,4.899257688229056,0.3555487147914422,191,28,194,67,480
108,A003780,2200,진양산업,9.09000015258789,202.69000244140625,9142000000,32.790000915527344,17.84000015258789,3.128418289214614,0.4624763506411604,2.4774774774774775,0.6964229186451408,59,158,80,194,491
109,A042370,3645,비츠로테크,1.3700000047683716,68.80999755859375,20486000000,55.84000015258789,6.650000095367432,3.9773438975397832,0.26785714285714285,3.7850467289719627,0.5397601066192803,92,101,153,148,494
110,A049520,3485,유아이엘,11.470000267028809,5.880000114440918,8864000000,24.719999313354492,4.920000076293945,8.565038578519856,0.185856754306437,2.7549407114624507,0.44904007215565006,222,75,94,106,497
111,A092440,2360,기신정기,6.349999904632568,109.52999877929688,10287000000,5.179999828338623,6.579999923706055,6.698940410226499,0.5523051720102972,2.895705521472393,0.2936053744712615,182,177,103,46,508
112,A086670,4340,비엠티,3.450000047683716,37.06999969482422,8207000000,66.16000366210938,11.0600004196167,4.308021915438041,0.5083157648161162,2.9304523970290344,0.4992522719429426,107,168,105,131,511
113,A024720,13800,한국콜마홀딩스,1.409999966621399,35.099998474121094,83488000000,77.97000122070312,18.56999969482422,2.96518937811422,0.400941340538656,3.760217983651226,0.6077956397269324,51,145,150,172,518
114,A042420,9950,네오위즈홀딩스,3.309999942779541,98.9000015258789,21139000000,14.390000343322754,6.599999904632568,4.168873489758266,0.3445410159631566,6.4568462037637895,0.2700502103406161,102,132,253,34,521
115,A137940,550,넥스트아이,1.2699999809265137,549.52001953125,8381000000,49.5099983215332,-10.140000343322754,5.060720099033528,0.46649703138252757,3.1073446327683616,0.49818840579710144,128,159,109,130,526
116,A036190,20950,금화피에스시,6.199999809265137,22.209999084472656,41384000000,18.93000030517578,19.690000534057617,3.037405760680456,0.6203547422344615,3.4165035877364645,0.5419318123027576,55,195,128,151,529
117,A192440,28200,슈피겐코리아,4.070000171661377,1.7699999809265137,49181000000,13.59000015258789,17.700000762939453,3.564413830544316,0.583404017626249,3.141711229946524,0.605488040537639,74,188,112,168,542
118,A290740,6410,액트로,3.1600000858306885,18.3700008392334,16870000000,41.2599983215332,30.3799991607666,3.8110474516893893,0.5667550839964633,2.059768637532134,0.8296660626456123,87,181,59,216,543
119,A094840,3050,슈프리마에이치큐,1.6299999952316284,181.6300048828125,7256000000,6.539999961853027,5.570000171661377,4.401751929437706,1.1275415896487986,3.635280095351609,0.21918792669780812,110,275,144,17,546
120,A034830,1535,한국토지신탁,7.159999847412109,7.849999904632568,184565000000,66.86000061035156,21.75,2.0999158456370384,1.4874031007751938,3.1135902636916835,0.4438982070561018,26,312,110,102,550
121,A151860,2185,KG ETS,4.570000171661377,14.029999732971191,15779000000,44.150001525878906,9.079999923706055,4.985106787502376,0.5808080808080808,3.213235294117647,0.49670379631734485,124,186,118,128,556
122,A009780,3550,엠에스씨,1.690000057220459,5.150000095367432,13483000000,83.41999816894531,14.130000114440918,4.633983534821628,0.42678528492426065,2.84,0.7088658146964856,116,148,98,195,557
123,A003570,4505,S&T중공업,6.650000095367432,19.540000915527344,19249000000,36.34000015258789,2.7200000286102295,7.782399084887526,0.39934402978459355,4.447186574531096,0.24275245177282034,209,143,179,26,557
124,A317770,11300,슈프리마아이디,0.0,297.1199951171875,5187000000,10.699999809265137,0.0,6.519274339695392,0.0,3.893866299104066,0.7246841531456423,180,35,157,197,569
125,A000240,8000,한국테크놀로지그,3.75,6.090000152587891,211461000000,8.109999656677246,6.75,3.5191424612576316,0.8605851979345955,6.2208398133748055,0.22639160087160767,71,234,243,21,569
126,A063160,21800,종근당바이오,0.8700000047683716,119.9000015258789,15412000000,47.2599983215332,8.010000228881836,7.759795717622632,0.0,4.017692591227424,0.7547169811320755,208,8,162,204,582
127,A004590,2905,한국가구,3.950000047683716,2.0399999618530273,8690000000,33.400001525878906,5.96999979019165,5.014384349827388,0.6636965958419009,4.126420454545454,0.4198583610348316,126,201,165,93,585
128,A289010,6160,아이스크림에듀,0.0,56.02000045776367,12550000000,40.939998626708984,0.0,6.314140870119522,0.0,3.8142414860681115,0.9458007062797482,171,29,154,237,591
129,A311390,4160,네오크레마,0.0,165.1199951171875,3266000000,39.470001220703125,0.0,9.303312676056338,0.0,3.443708609271523,0.659270998415214,240,34,132,188,594
130,A105740,4395,디케이락,3.4100000858306885,228.02999877929688,5879000000,28.969999313354492,6.920000076293945,6.3169524136757955,0.49034921343300236,4.266990291262136,0.3986394557823129,172,164,172,87,595
131,A052900,634,KMH하이텍,3.369999885559082,623.7100219726562,4186000000,17.290000915527344,7.880000114440918,7.101148200191113,0.500394632991318,3.4644808743169397,0.43306010928961747,195,167,134,100,596
132,A001540,6340,안국약품,3.4700000286102295,47.709999084472656,15366000000,44.630001068115234,9.319999694824219,5.381292646101783,0.49400031167212094,3.5558048233314636,0.5628051486906347,134,166,140,157,597
133,A086060,3365,진바이오텍,0.8899999856948853,171.2100067138672,6270000000,60.29999923706055,6.070000171661377,4.6211523532695375,0.4864122578779994,3.6299892125134843,0.6218813527998521,114,163,142,181,600
134,A038460,2850,바이오스마트,0.0,120.30999755859375,9572000000,71.16000366210938,7.070000171661377,5.959213633514417,0.3766851704996035,4.136429608127721,0.5244755244755245,158,138,166,141,603
135,A064960,26000,S&T모티브,5.380000114440918,53.36000061035156,89214000000,41.15999984741211,0.33000001311302185,4.261680184724371,0.38944309637218777,5.402036152088095,0.5166007669534464,106,141,221,137,605
136,A035610,2030,솔본,0.0,525.719970703125,15327000000,11.0600004196167,7.460000038146973,3.621868200561101,0.6009473060982831,6.655737704918033,0.3768331167625766,78,193,259,77,607
137,A002620,8210,제일파마홀딩스,0.8500000238418579,150.69000244140625,10949000000,56.060001373291016,2.0399999618530273,11.977463197552288,0.18524786209075114,5.51747311827957,0.26523228015765327,284,73,224,32,613
138,A187790,935,나노,2.130000114440918,31.989999771118164,2193000000,82.05999755859375,-1.7999999523162842,10.999085465116279,0.31177059019673226,3.0357142857142856,0.4852101712506487,270,120,108,119,617
139,A187870,7300,디바이스이엔지,2.5299999713897705,49.560001373291016,16337000000,22.6299991607666,25.389999389648438,3.03045846850707,1.1248073959938367,2.3655217109526894,0.8403361344537815,54,274,76,219,623
140,A002290,1720,삼일기업공사,5.809999942779541,17.1299991607666,3042000000,8.819999694824219,5.570000171661377,7.011176857330703,0.30979827089337175,6.231884057971015,0.36510295054128633,190,118,244,71,623
141,A039610,2870,화성밸브,1.2999999523162842,64.05000305175781,3753000000,38.11000061035156,5.010000228881836,7.961057287503331,0.4265755053507729,4.533965244865719,0.4114695340501792,213,147,182,90,632
142,A189980,840,흥국에프엔비,2.380000114440918,47.7599983215332,4252000000,37.029998779296875,4.710000038146973,7.251510395108184,0.5857740585774058,3.442622950819672,0.48109965635738833,198,189,131,118,636
143,A010620,20500,현대미포조선,1.7000000476837158,30.639999389648438,92620000000,43.61000061035156,2.309999942779541,8.840574978406393,0.27347554061445284,6.041850869437076,0.3533142601082348,231,103,236,66,636
144,A036810,4135,에프에스티,1.9299999475479126,52.2599983215332,20001000000,48.5,19.360000610351562,4.1831318879056045,0.6786476284260627,3.3508914100486225,0.7653155654266148,103,205,123,206,637
145,A017890,7660,한국알콜,0.6499999761581421,65.77999877929688,28504000000,28.0,10.479999542236328,5.806206904294134,0.5912318616857055,4.065817409766455,0.5138525524921178,151,190,164,135,640
146,A104830,15500,원익머트리얼즈,1.2899999618530273,28.229999542236328,42163000000,12.149999618530273,16.270000457763672,4.634964305196499,0.8630770087421349,3.0220315851043087,0.64916027976714,117,235,107,187,646
147,A066130,3195,하츠,0.9300000071525574,99.75,2497000000,17.639999389648438,0.0,16.378053664397278,0.0,4.7901049475262365,0.4937413073713491,323,10,188,126,647
148,A241790,6300,오션브릿지,6.340000152587891,49.880001068115234,17282000000,48.31999969482422,29.43000030517578,3.646371612081935,0.6989903472761566,3.137450199203187,1.0401188707280833,80,206,111,253,650
149,A079170,3745,한창산업,2.930000066757202,191.11000061035156,992000000,15.600000381469727,0.0,19.631048387096776,0.0,5.631578947368421,0.371233148295004,340,12,226,73,651
150,A036090,394,위지트,0.0,16.6299991607666,4885000000,51.40999984741211,10.050000190734863,6.774459873899693,0.8954545454545455,3.5495495495495497,0.4306010928961749,185,238,137,99,659
151,A019680,3145,대교,5.400000095367432,14.800000190734863,29395000000,50.0099983215332,2.759999990463257,9.062441342064977,0.42982096487631544,3.414766558089034,0.5377906976744186,238,149,127,146,660
152,A256630,1575,포인트엔지니어링,1.4700000286102295,41.720001220703125,13778000000,52.83000183105469,0.0,6.426422613949775,0.0,4.211229946524064,1.2722132471728596,176,26,171,287,660
153,A054450,4670,텔레칩스,2.559999942779541,28.75,8154000000,42.209999084472656,10.300000190734863,7.735173457198921,0.46662669864108713,3.391430646332607,0.6072821846553966,206,161,125,171,663
154,A214180,7570,민앤지,3.430000066757202,21.700000762939453,26040000000,51.84000015258789,14.789999961853027,3.686879543778802,0.8404574220051071,3.550656660412758,0.8134536857941114,83,230,138,214,665
155,A003920,275000,남양유업,0.36000001430511475,69.02999877929688,8587000000,18.43000030517578,0.23000000417232513,23.058111098171654,0.23329640180596867,4.867256637168142,0.2673573235490275,352,87,193,33,665
156,A031820,740,콤텍시스템,3.5199999809265137,48.58000183105469,3160000000,47.47999954223633,9.6899995803833,15.88926735443038,0.19448094612352168,3.645320197044335,0.4900662251655629,321,79,145,122,667
157,A251970,9290,펌텍코리아,0.0,27.850000381469727,24536000000,61.63999938964844,0.0,4.694978806651451,0.7075399847677075,3.7100638977635785,0.7235202492211839,118,209,148,196,671
158,A281820,12800,케이씨텍,2.0999999046325684,381.2799987792969,67021000000,22.010000228881836,23.540000915527344,3.7890146670446576,0.9732360097323601,2.8718869194525465,0.9263950206267642,86,257,99,232,674
159,A120240,7900,대정화금,3.7899999618530273,2.5,9242000000,12.380000114440918,9.4399995803833,6.069366901103657,0.7036608176716843,4.906832298136646,0.46764932220446337,161,208,195,113,677
160,A256150,10700,한독크린텍,1.8600000143051147,23.610000610351562,6072000000,33.0,0.0,7.085754281949934,0.0,4.590304590304591,1.216047278099784,194,25,183,279,681
161,A039340,3130,한국경제TV,3.190000057220459,71.13999938964844,15546000000,17.950000762939453,14.15999984741211,4.630773189244822,0.9022773133467858,4.007682458386684,0.6071774975751697,115,240,161,170,686
162,A246690,1280,TS인베스트먼트,1.559999942779541,143.82000732421875,5296000000,54.130001068115234,0.0,5.418973776435045,0.0,8.152866242038217,0.9065155807365439,138,24,295,230,687
163,A067280,22100,멀티캠퍼스,2.7100000381469727,10.75,24178000000,81.80999755859375,18.190000534057617,5.417396637438994,0.45479801617516924,3.2281624306164183,1.1944009079608713,137,155,119,277,688
164,A005180,36000,빙그레,4.019999980926514,16.40999984741211,45782000000,19.920000076293945,7.360000133514404,7.746377965139137,0.4037685060565276,4.056338028169014,0.620946598592521,207,146,163,180,696
165,A002150,5100,도화엔지니어링,4.900000095367432,56.560001373291016,27069000000,61.91999816894531,6.929999828338623,6.353097639366064,0.33320266562132494,5.069582504970179,0.6809078771695594,173,128,203,193,697
166,A170920,5600,엘티씨,1.7799999713897705,44.2599983215332,3315000000,82.80000305175781,0.9599999785423279,12.703372790346908,0.43637497077846177,3.6245954692556634,0.47602856171370284,292,151,141,115,699
167,A203450,1475,유니온커뮤니티,4.739999771118164,44.599998474121094,3232000000,48.9900016784668,11.140000343322754,6.699113652537129,0.5788854003139717,3.933333333333333,0.6357758620689655,183,185,158,183,709
168,A109740,4510,디에스케이,0.550000011920929,64.77999877929688,22267000000,54.209999084472656,21.270000457763672,4.122691926617865,1.1185515873015872,3.440122044241037,0.804064895703334,100,273,130,212,715
169,A100250,1880,진양홀딩스,9.039999961853027,38.38999938964844,12873000000,37.900001525878906,4.980000019073486,8.163066026567234,0.4665012406947891,7.067669172932331,0.34138369348102415,219,160,272,64,715
170,A008060,6200,대덕전자,4.829999923706055,13.819999694824219,34804000000,15.550000190734863,1.9500000476837158,13.896196598092173,0.4760076775431862,3.3935413245758075,0.49042872963138745,304,162,126,124,716
171,A023890,38500,한국아트라스비엑,1.0299999713897705,5.550000190734863,64253000000,55.04999923706055,17.31999969482422,5.482623379453099,0.5289115412619692,3.8936084142394822,0.9871035561367074,141,173,156,246,716
172,A148150,17950,세경하이테크,0.0,8697.91015625,38596000000,69.12999725341797,0.0,5.414392683179604,0.5749519538757207,3.385514900037722,1.2256742915670877,136,183,124,280,723
173,A045660,6070,에이텍,1.6399999856948853,16.469999313354492,4350000000,20.829999923706055,0.0,11.526022988505748,0.0,6.382754994742377,0.6640411333552128,277,7,251,190,725
174,A264450,15450,유비쿼스,3.880000114440918,21.020000457763672,16690000000,39.7400016784668,20.1299991607666,4.743265713001797,0.7960634789777411,3.697941598851125,0.9307228915662651,121,223,147,235,726
175,A003610,1165,방림,3.430000066757202,12.609999656677246,2106000000,24.780000686645508,3.009999990463257,23.40736697530864,0.37471855902219364,5.154867256637168,0.2613865829032982,355,136,209,31,731
176,A010640,1980,진양폴리,5.050000190734863,179.4499969482422,3103000000,63.2400016784668,33.11000061035156,6.380921688688366,0.5639418968954714,4.439461883408072,0.744920993227991,174,180,178,200,732
177,A228850,7210,레이언스,1.3799999952316284,22.670000076293945,21220000000,10.3100004196167,8.770000457763672,5.637191844486334,0.9918833402118585,3.843283582089552,0.6135648029954898,145,259,155,176,735
178,A003220,10200,대원제약,2.4700000286102295,14.1899995803833,35107000000,60.380001068115234,14.050000190734863,5.8815834619876375,0.6496815286624203,3.5552457302195886,1.0075069142631372,154,198,139,247,738
179,A007590,4980,동방아그로,5.019999980926514,14.180000305175781,7799000000,41.459999084472656,4.789999961853027,8.695413958199769,0.5440839069157654,5.1713395638629285,0.4964114832535885,227,176,210,127,740
180,A204270,5500,제이앤티씨,0.0,90.56999969482422,25496000000,76.2300033569336,0.0,12.479077620018826,0.0,4.141566265060241,1.1625449165081378,289,19,167,270,745
181,A267980,59000,매일유업,1.1799999475479126,45.38999938964844,74368000000,77.44999694824219,18.389999389648438,6.22276573257315,0.33950972493957876,4.532186203717929,1.1744098093076953,164,130,181,271,746
182,A080000,2005,에스엔유,2.3499999046325684,85.2699966430664,10966000000,26.670000076293945,9.680000305175781,6.275520185117636,1.2778840025493945,3.265472312703583,0.605923239649441,168,290,121,169,748
183,A036560,4990,영풍정밀,5.010000228881836,21.93000030517578,9110000000,18.049999237060547,3.799999952316284,8.627058177826564,0.9842209072978304,5.83625730994152,0.27328988444054986,223,258,232,37,750
184,A001630,87000,종근당홀딩스,1.4900000095367432,60.400001525878906,86159000000,45.220001220703125,10.020000457763672,5.058762369572534,0.6048176857033613,4.9685893774985725,0.9294871794871795,127,194,198,234,753
185,A232140,1830,와이아이케이,0.0,70.1500015258789,32941000000,60.689998626708984,30.709999084472656,3.528582822925837,1.882716049382716,2.6445086705202314,1.1233885819521179,72,331,88,264,755
186,A024090,9690,디씨엠,5.150000095367432,106.77999877929688,17532000000,18.459999084472656,14.180000305175781,6.466632443531828,0.7801304242814588,4.404545454545454,0.6488984129110025,178,222,176,186,762
187,A318000,3305,한국바이오젠,0.0,27.989999771118164,2872000000,80.44999694824219,0.0,9.355526331824512,0.0,6.053113553113553,0.964681844716871,242,37,239,244,762
188,A044060,3200,조광ILI,3.119999885559082,45.310001373291016,5636000000,17.549999237060547,9.050000190734863,5.6128635911994325,1.2475633528265107,4.295302013422819,0.566471941936626,143,288,173,159,763
189,A109860,9580,동일금속,2.4000000953674316,247.27999877929688,9723000000,18.5,8.930000305175781,6.897048236141108,0.7261976955730746,5.1924119241192415,0.5516208901940461,188,213,213,155,769
190,A102120,4900,어보브반도체,4.079999923706055,79.41000366210938,13925000000,22.270000457763672,15.800000190734863,6.143791719928187,0.6746523475148011,4.1988003427592115,0.9468599033816425,162,203,170,238,773
191,A221980,10050,케이디켐,4.96999979019165,1.1200000047683716,7268000000,10.899999618530273,9.829999923706055,5.579215740231151,0.8382684127116523,6.607495069033531,0.5349443764305104,142,229,258,144,773
192,A251630,4045,브이원텍,2.4700000286102295,1.5800000429153442,15665000000,6.46999979019165,22.100000381469727,3.8863451069262687,2.1817691477885655,3.634321653189578,0.7510211659858893,90,349,143,203,785
193,A002700,1085,신일산업,2.299999952316284,39.58000183105469,14783000000,53.459999084472656,18.8700008392334,5.214541046134073,0.5151946818613485,5.452261306532663,1.0710760118460019,131,172,222,261,786
194,A108320,24000,실리콘웍스,3.450000047683716,22.56999969482422,55797000000,36.040000915527344,11.399999618530273,6.995773966342276,0.45420136260408783,5.544005544005544,0.8625026953209228,189,154,225,222,790
195,A100660,2370,서암기계공업,2.0999999046325684,32.66999816894531,3071000000,14.050000190734863,5.869999885559082,9.723868446760013,0.7290064595509074,5.278396436525613,0.47936893203883496,250,214,217,116,797
196,A017390,66900,서울가스,2.609999895095825,140.85000610351562,10457000000,63.61000061035156,3.059999942779541,31.98814191450703,0.24577516531961793,6.957154742096506,0.34700789974635743,372,92,270,65,799
197,A036030,3525,KTH,0.0,92.83000183105469,10709000000,36.459999084472656,6.369999885559082,11.756041885330097,0.9251968503937008,2.779968454258675,0.6140045288277304,283,246,96,177,802
198,A033130,1075,디지틀조선,3.7200000286102295,17.06999969482422,6363000000,9.520000457763672,7.239999771118164,6.270456078107811,1.1411889596602973,5.375,0.5372313843078461,167,277,219,145,808
199,A122310,5050,제노레이,2.6700000762939453,33.86000061035156,14668000000,31.770000457763672,25.329999923706055,5.010697586583038,1.0806762251230473,3.672727272727273,1.1807341594575638,125,268,146,273,812
200,A033290,3550,코웰패션,1.1200000047683716,14.520000457763672,71010000000,46.81999969482422,26.799999237060547,4.524374464159978,0.8410329305851694,4.4264339152119705,1.375968992248062,113,231,177,295,816
201,A043150,17000,바텍,0.5799999833106995,8.930000305175781,42868000000,52.5,14.489999771118164,5.890695903704395,0.929418839866601,4.143309773336583,1.0161386730424387,155,247,168,249,819
202,A079940,6870,가비아,0.4300000071525574,43.08000183105469,18188000000,32.61000061035156,12.579999923706055,5.112719874642622,0.6653753026634383,4.931801866475233,1.354228267297457,129,202,197,293,821
203,A277070,1720,린드먼아시아,4.239999771118164,58.529998779296875,4673000000,8.420000076293945,12.510000228881836,4.968970682644982,2.721518987341772,4.971098265895954,0.5223200728818707,123,363,199,140,825
204,A005800,64800,신영와코루,2.309999942779541,89.5999984741211,1427000000,9.569999694824219,1.2300000190734863,40.86895585143658,0.33098544787745365,8.731976822530656,0.18852170472497068,382,126,310,7,825
205,A078150,1635,HB테크놀러지,1.2200000286102295,16.889999389648438,11883000000,54.540000915527344,2.380000114440918,10.868412565008835,0.46030405405405406,4.823008849557522,0.8082056351952546,266,157,190,213,826
206,A215200,31050,메가스터디교육,3.5399999618530273,23.700000762939453,59636000000,72.7300033569336,20.450000762939453,6.155164229659937,0.8378757623185277,3.4519177320733743,1.48493543758967,163,228,133,303,827
207,A010130,293500,고려아연,4.769999980926514,5.309999942779541,805328000000,14.65999984741211,9.760000228881836,6.877129567083226,0.8272592492375686,5.020698621232338,0.8247208312961183,187,226,200,215,828
208,A258790,1000,소프트캠프,0.0,84.0999984741211,2709000000,74.80999755859375,0.0,8.93365965300849,0.0,4.830917874396135,3.236245954692557,234,27,192,377,830
209,A041510,19000,에스엠,0.0,336.3800048828125,47746000000,74.0,7.960000038146973,9.330518137645038,0.6555567056550392,3.7661050545094152,0.9506654658260782,241,199,151,240,831
210,A002100,5950,경농,4.199999809265137,74.83999633789062,14769000000,77.33999633789062,3.0799999237060547,8.738974371995395,0.5776138239005921,5.95,0.6776765375854215,228,184,234,191,837
211,A036830,51300,솔브레인,1.4600000381469727,55.22999954223633,164072000000,37.11000061035156,14.529999732971191,5.439875800258423,0.8749936038479251,5.07971086246163,1.0707576706324358,139,236,204,259,838
212,A040910,10650,아이씨디,1.399999976158142,7.650000095367432,39698000000,45.529998779296875,22.469999313354492,4.7132034019346065,1.3213399503722085,3.522990406880582,1.3215039086735327,120,294,136,289,839
213,A201490,3415,미투온,0.0,911.1699829101562,29485000000,67.01000213623047,17.06999969482422,3.6203250652874344,0.9633286318758815,5.059259259259259,1.5701149425287357,77,256,202,310,845
214,A036670,5900,KCI,3.049999952316284,121.44999694824219,11320000000,18.40999984741211,16.979999542236328,5.873939929328622,0.941890166028097,4.697452229299363,1.0615329255127743,153,252,185,257,847
215,A267790,5500,배럴,0.0,17.889999389648438,6674000000,7.599999904632568,17.200000762939453,6.442845370092898,0.7413398032079795,5.213270142180095,0.9532062391681109,177,216,214,241,848
216,A051600,26500,한전KPS,6.75,16.729999542236328,191519000000,30.15999984741211,17.06999969482422,6.226536270552791,0.9499569830800114,3.7695590327169275,1.2112070935600348,165,254,152,278,849
217,A065560,5500,녹원씨엔아이,1.9600000381469727,118.70999908447266,16597000000,63.02000045776367,9.899999618530273,5.348203711514129,1.1169780666125102,4.915102770330653,1.0160724182523555,133,272,196,248,849
218,A000220,7250,유유제약,2.75,49.29999923706055,5327000000,55.65999984741211,4.789999961853027,8.667590717101557,0.6282495667244368,6.282495667244367,0.6345733041575492,225,197,247,182,851
219,A241520,1425,DSC인베스트먼트,0.0,126.41000366210938,6392000000,60.65999984741211,19.530000686645508,4.039443175062578,1.1786600496277915,7.233502538071066,0.7468553459119497,96,281,276,201,854
220,A017040,1130,광명전기,0.0,48.220001220703125,3257000000,53.75,2.930000066757202,15.035770632483882,0.376541152949017,6.890243902439025,0.520977408944214,314,137,265,139,855
221,A109080,4080,옵티시스,1.7100000381469727,53.36000061035156,3247000000,9.550000190734863,8.100000381469727,7.081884816753926,1.2175470008952551,5.0495049504950495,0.6159420289855072,193,286,201,178,858
222,A026150,3070,특수건설,1.5299999713897705,18.639999389648438,1119000000,73.44999694824219,0.9399999976158142,41.71556055406613,0.2400688145136065,6.202020202020202,0.5308663323534498,383,91,242,143,859
223,A297570,1310,알로이스,0.0,250.63999938964844,2261000000,42.060001373291016,0.0,10.040483122512162,0.0,7.081081081081081,1.4785553047404063,255,30,273,302,860
224,A075130,2845,플랜티넷,5.269999980926514,152.75999450683594,2937000000,10.180000305175781,1.9600000381469727,8.67933265236636,1.1061430793157077,7.752043596730245,0.38660144041309963,226,270,287,83,866
225,A054540,2320,삼영엠텍,2.5799999237060547,72.38999938964844,847000000,43.619998931884766,1.8700000047683716,35.608028335301064,0.391429053484056,6.863905325443787,0.3946920721333787,377,142,263,86,868
226,A285490,7640,노바텍,0.0,20.940000534057617,6672000000,6.78000020980835,0.0,5.744128045563549,1.3507779349363507,3.7487733071638862,1.1779216774591428,150,301,149,272,872
227,A036180,1205,에이프런티어,0.0,15.25,1631000000,19.889999389648438,0.0,13.003317538320049,0.0,15.448717948717949,0.7754182754182755,296,6,363,210,875
228,A025770,6630,한국정보통신,0.0,2.0199999809265137,34228000000,74.80999755859375,12.699999809265137,7.252995113065326,0.5149114631873253,5.479338842975206,1.2701149425287357,199,171,223,286,879
229,A189690,4000,포시에스,2.380000114440918,22.780000686645508,5006000000,5.159999847412109,3.7899999618530273,6.2967023571713945,1.563721657544957,5.657708628005658,0.5943536404160475,169,318,228,166,881
230,A041190,1165,우리기술투자,0.8500000238418579,24307.2890625,12858000000,9.399999618530273,15.779999732971191,7.610825944937004,5.0873362445414845,-32.361111111111114,1.48786717752235,203,383,0,304,890
231,A312610,6130,에이에프더블류,0.0,78.72000122070312,10432000000,71.30999755859375,0.0,5.951625931748466,2.0660599932591843,4.633408919123204,0.7721375488096738,157,340,184,209,890
232,A043610,1520,지니뮤직,0.0,186.85000610351562,6889000000,52.65999984741211,5.010000228881836,12.822683373493977,0.3821015585721468,8.128342245989305,0.5870992661259173,293,139,293,165,890
233,A074600,9360,원익QnC,0.1599999964237213,39.099998474121094,41198000000,62.56999969482422,21.25,5.972515170639351,0.9248098014030234,5.103598691384951,1.2273800157356411,159,245,207,281,892
234,A234690,5200,녹십자웰빙,0.0,61.22999954223633,8408000000,35.11000061035156,0.0,10.97904795432921,0.0,6.582278481012659,2.1684737281067554,269,21,257,347,894
235,A243070,33950,휴온스,2.059999942779541,6.949999809265137,48397000000,51.52000045776367,21.360000610351562,6.302013557658532,0.8355689005931431,4.826556724481092,1.5679844818030666,170,227,191,309,897
236,A307930,4090,컴퍼니케이,0.0,80.88999938964844,8156000000,24.020000457763672,0.0,7.8279671407552724,0.0,24.9390243902439,1.190684133915575,210,33,383,276,902
237,A198440,1580,고려시멘트,2.2100000381469727,27.170000076293945,3837000000,47.41999816894531,5.670000076293945,13.16870909564764,0.5924259467566554,6.556016597510373,0.5718422005066957,299,191,255,160,905
238,A037070,4805,파세코,4.159999847412109,35.06999969482422,5310000000,45.119998931884766,6.880000114440918,12.668549905838042,0.35687759952465836,6.546321525885559,0.9072885196374623,291,134,254,231,910
239,A318010,7890,팜스빌,0.0,36.529998779296875,5601000000,23.809999465942383,0.0,11.16987623995715,0.0,7.637947725072604,1.670194750211685,275,38,284,315,912
240,A238200,12750,비피도,0.0,16.030000686645508,3501000000,4.5,0.0,14.89502999143102,0.0,9.1991341991342,1.128218741704274,313,22,312,265,912
241,A009680,5160,모토닉,5.809999942779541,63.880001068115234,9695000000,8.079999923706055,2.799999952316284,17.563692625064466,0.8200890019071837,6.889185580774366,0.4174081863776088,332,225,264,92,913
242,A950180,12650,SNK,0.0,27.309999465942383,47164000000,5.730000019073486,15.59000015258789,5.649049486896786,2.5074331020812686,4.777190332326284,0.8940561170400735,146,356,187,227,916
243,A018250,19500,애경산업,2.299999952316284,59.22999954223633,79170000000,32.70000076293945,28.479999542236328,6.504910098522167,0.7510399014019411,5.17515923566879,1.5497099260907574,179,218,211,308,916
244,A001820,34500,삼화콘덴서,0.8600000143051147,268.94000244140625,81349000000,72.76000213623047,63.52000045776367,4.408505328891566,1.3151875571820677,3.949627933600458,2.31497014024022,111,293,160,354,918
245,A100700,1845,세운메디칼,2.7100000381469727,10.369999885559082,13767000000,10.449999809265137,11.789999961853027,5.869906297668337,1.1972744970798184,6.910112359550562,0.8474965548920533,152,282,267,220,921
246,A192400,67800,쿠쿠홀딩스,4.420000076293945,4.929999828338623,67888000000,22.56999969482422,17.479999542236328,7.10321748468065,0.9364770231633034,7.409026335919572,0.7349513826408386,196,250,279,198,923
247,A019990,2090,에너토크,2.869999885559082,382.3500061035156,1449000000,5.599999904632568,3.25,14.07192817115252,0.8993115318416524,6.430769230769231,0.5049528871708142,307,239,252,132,930
248,A081000,11050,일진다이아,2.1700000762939453,3.509999990463257,15178000000,54.86000061035156,7.710000038146973,10.340155076426406,0.9502106801960616,5.271946564885496,0.7478343259339469,260,255,216,202,933
249,A052220,1325,iMBC,3.390000104904175,553.2899780273438,937000000,21.799999237060547,-3.319999933242798,32.52401280683031,0.5586003372681282,5.3,0.5834434169969177,373,179,218,163,933
250,A200670,10650,휴메딕스,4.690000057220459,24.15999984741211,13276000000,14.050000190734863,9.550000190734863,7.998886419102139,1.3506658211794547,4.489881956155143,0.9472560704438318,217,300,180,239,936
251,A024060,3300,흥구석유,4.539999961853027,45.369998931884766,500000000,8.649999618530273,0.0,99.0,0.0,14.601769911504425,0.6428988895382817,393,5,360,184,942
252,A084370,12200,유진테크,1.8799999952316284,58.61000061035156,40803000000,15.529999732971191,8.270000457763672,6.851842080239198,1.3689407540394973,4.793713163064833,1.1296296296296295,186,303,189,266,944
253,A027830,1005,대성창투,2.9800000190734863,328.510009765625,2050000000,1.2300000190734863,3.2699999809265137,19.609756097560975,5.946745562130178,-30.454545454545453,0.8368026644462948,338,388,1,218,945
254,A097780,706,에스맥,1.350000023841858,8.1899995803833,12206000000,44.33000183105469,4.010000228881836,13.897156357692937,0.8077803203661327,5.739837398373984,0.6610486891385767,305,224,230,189,948
255,A072990,6860,에이치시티,0.9700000286102295,1045.3499755859375,4337000000,56.72999954223633,8.260000228881836,10.865991667050958,1.0615908387496131,4.3889955214331415,0.9614576033637001,265,266,175,243,949
256,A003800,32000,에이스침대,3.430000066757202,23.979999542236328,49912000000,10.920000076293945,6.940000057220459,7.110113800288508,1.7220039821342086,5.6537102473498235,0.7574502331526499,197,328,227,205,957
257,A236200,20500,슈프리마,0.0,101.58000183105469,24565000000,8.920000076293945,21.18000030517578,6.002934927742723,2.023692003948667,5.100771336153272,1.070216653615244,160,338,206,258,962
258,A268280,68000,미원에스씨,2.5,16.3799991607666,46588000000,25.09000015258789,16.850000381469727,7.689031252683094,0.9440904105404918,5.183321899535025,1.4308258811152026,205,253,212,298,968
259,A170900,68300,동아에스티,1.4600000381469727,43.43000030517578,56561000000,56.189998626708984,11.579999923706055,10.196357638655611,0.9418740950148246,6.047994332772514,0.892950528187428,256,251,237,226,970
260,A084850,32900,아이티엠반도체,0.0,153.7899932861328,53501000000,61.630001068115234,0.0,14.04035003270967,0.0,8.171882762046696,2.3185341789992955,306,14,297,355,972
261,A284740,27150,쿠쿠홈시스,2.059999942779541,1248.4000244140625,67523000000,34.970001220703125,9.510000228881836,9.021718666232246,1.0510219882316507,4.355149181905679,1.4507855081756973,236,264,174,301,975
262,A040420,5440,정상제이엘에스,7.900000095367432,5.300000190734863,10887000000,39.630001068115234,5.650000095367432,7.83373591255626,0.9239130434782609,5.793397231096912,1.3290984607867091,211,244,231,291,977
263,A115500,2255,케이씨에스,8.859999656677246,168.07000732421875,3165000000,60.2599983215332,14.210000038146973,8.549763033175356,0.7003105590062112,6.370056497175141,1.4308375634517767,221,207,250,299,977
264,A293480,14600,하나제약,1.909999966621399,5.119999885559082,33563000000,18.010000228881836,18.260000228881836,7.047045854065489,1.4476945959345562,5.259365994236311,1.1036359513190717,192,308,215,263,978
265,A053300,2205,한국정보인증,3.619999885559082,10.829999923706055,9011000000,25.850000381469727,10.1899995803833,7.62610420597048,1.6654078549848943,6.0576923076923075,0.8358605003790751,204,325,240,217,986
266,A327260,16900,메탈라이프,0.0,301.4800109863281,4604000000,35.720001220703125,0.0,13.018535447437012,0.0,7.51779359430605,2.762340634194181,297,39,282,369,987
267,A147830,3150,제룡산업,3.1700000762939453,0.7599999904632568,3057000000,6.53000020980835,5.960000038146973,10.304219823356231,1.1653718091009988,8.118556701030927,0.5634054730817385,258,280,292,158,988
268,A053160,3725,프리엠스,1.340000033378601,11.119999885559082,1476000000,7.019999980926514,5.199999809265137,15.142276422764228,1.061555998860074,7.9424307036247335,0.4886527613800341,316,265,289,120,990
269,A131180,998,딜리,4.0,758.530029296875,814000000,10.779999732971191,3.6600000858306885,35.98439803439803,0.7237128353879623,7.028169014084507,0.5081466395112016,378,211,271,133,993
270,A060150,5290,인선이엔티,0.0,8.850000381469727,23853000000,68.83999633789062,8.829999923706055,8.514228054332788,1.1073895750471008,6.5632754342431765,1.0175033660319293,220,271,256,250,997
271,A051380,7120,피씨디렉트,1.399999976158142,66.94000244140625,4779000000,61.2599983215332,10.260000228881836,11.42497935132873,0.21906344224970772,10.755287009063444,1.6764775135389687,276,82,328,316,1002
272,A003850,8600,보령제약,1.159999966621399,56.529998779296875,39063000000,79.4000015258789,11.949999809265137,9.730947443872719,0.7250653401905405,6.286549707602339,1.3433302093095907,251,212,248,292,1003
273,A007310,434000,오뚜기,1.7200000286102295,3.880000114440918,151725000000,61.7599983215332,13.869999885559082,10.312557970011534,0.6763179629427623,6.7297255388432315,1.2403366628084767,259,204,260,282,1005
274,A054920,1320,한컴위드,0.0,180.33999633789062,264000000,54.029998779296875,0.5,141.085405,1.2188365650969528,7.5,0.30598052851182195,396,287,280,50,1013
275,A065370,5790,위세아이텍,0.4300000071525574,62.59000015258789,1714000000,74.7300033569336,0.0,14.500335472578763,0.0,11.744421906693711,2.323434991974318,311,9,339,356,1015
276,A121600,7600,나노신소재,1.840000033378601,2.559999942779541,8749000000,10.829999923706055,8.930000305175781,9.423629077608869,1.6047297297297298,5.731523378582202,0.89728453364817,243,319,229,228,1019
277,A002840,50900,미원상사,1.5099999904632568,147.08999633789062,27171000000,24.209999084472656,11.369999885559082,9.531456332118804,1.0827253196060496,5.998114541597926,1.1622862101249058,246,269,235,269,1019
278,A218150,1390,미래생명자원,0.0,30.65999984741211,1981000000,19.920000076293945,6.690000057220459,13.101102937910147,0.5416991426344505,10.692307692307692,0.879746835443038,298,175,327,224,1024
279,A067900,7300,와이엔텍,0.0,19.229999542236328,14934000000,79.38999938964844,8.0600004196167,8.896311149055846,1.440979076194236,6.048053024026512,1.028169014084507,232,307,238,251,1028
280,A099320,12650,쎄트렉아이,1.659999966621399,65.13999938964844,9248000000,49.400001525878906,11.739999771118164,9.942296772275087,1.309252742703374,4.699108469539376,1.4415954415954415,253,292,186,300,1031
281,A046140,4125,SBS콘텐츠허브,1.809999942779541,2292.47998046875,3223000000,36.13999938964844,5.420000076293945,27.470420221843003,0.5125497017892644,12.026239067055394,0.5606904988446377,365,170,340,156,1031
282,A181710,55000,NHN,0.0,97.62000274658203,68637000000,37.06999969482422,5.789999961853027,15.677788583417108,0.7386516250335751,9.456671251719396,0.6460327714805897,320,215,315,185,1035
283,A220630,1900,해마로푸드서비스,1.5700000524520874,49.27000045776367,23078000000,75.68000030517578,26.299999237060547,7.969634058410607,0.581039755351682,7.723577235772358,2.1839080459770117,214,187,286,349,1036
284,A014680,66200,한솔케미칼,1.809999942779541,18.229999542236328,93585000000,77.02999877929688,20.1200008392334,7.989976053854784,1.2589141390130265,5.39131851127942,1.7025873154673115,215,289,220,322,1046
285,A088980,9770,맥쿼리인프라,2.0399999618530273,44.220001220703125,187263000000,14.359999656677246,0.0,18.210555009371845,0.0,17.54039497307002,1.7783036039315616,335,15,370,327,1047
286,A052690,12950,한전기술,1.0800000429153442,19.06999969482422,21499000000,67.19999694824219,2.819999933242798,23.02195450951207,1.1587329992841804,3.949374809393108,1.077819392426134,351,279,159,262,1051
287,A123570,2190,이엠넷,0.9100000262260437,32.540000915527344,5544000000,56.29999923706055,8.880000114440918,8.799532976190477,1.3782252989301447,8.39080459770115,0.8622047244094488,229,305,303,221,1058
288,A099190,17750,아이센스,0.8399999737739563,20.420000076293945,27401000000,37.529998779296875,13.15999984741211,8.898798383270684,1.3242315726648761,6.759329779131759,1.1868146563252207,233,296,261,275,1065
289,A089970,5100,에이피티씨,3.9200000762939453,66.0199966430664,21069000000,21.059999465942383,45.18000030517578,5.624207817172149,2.0514883346741755,6.0786650774731825,2.0514883346741755,144,339,241,342,1066
290,A023450,26500,동남합성,4.679999828338623,791.0900268554688,7973000000,47.31999969482422,10.390000343322754,12.037800326100589,0.7600745733543668,6.845776285197624,1.5215893431327514,285,219,262,306,1072
291,A102460,7200,이연제약,4.860000133514404,221.08999633789062,7898000000,23.479999542236328,2.680000066757202,15.28792099265637,0.9177820267686424,14.937759336099585,0.5483207676490747,317,243,361,153,1074
292,A178920,22450,SKC코오롱PI,1.399999976158142,14.210000038146973,33602000000,56.380001068115234,0.0,19.6200800220225,0.0,14.483870967741936,2.623583031436251,339,18,358,364,1079
293,A101240,5730,씨큐브,2.069999933242798,1.1200000047683716,5022000000,45.099998474121094,9.270000457763672,11.567462031063322,1.3428638387625966,6.269146608315099,1.0708278826387592,280,298,245,260,1083
294,A100030,9600,모바일리더,1.7699999809265137,490.9800109863281,3439000000,8.880000114440918,13.4399995803833,9.166517708636231,1.5311004784688995,8.617594254937163,0.863697705802969,239,317,309,223,1088
295,A026890,3850,디피씨,1.809999942779541,9.079999923706055,13312000000,31.190000534057617,7.989999771118164,12.053859205979567,1.0266666666666666,8.071278825995806,1.050764192139738,286,261,290,255,1092
296,A099220,1275,SDN,9.800000190734863,1.9800000190734863,2958000000,78.16999816894531,5.590000152587891,19.959129310344828,0.9081196581196581,8.388157894736842,0.7764920828258222,341,241,302,211,1095
297,A095660,13350,네오위즈,0.0,107.44999694824219,22555000000,22.709999084472656,11.420000076293945,12.971197375304811,1.208035471902995,8.140243902439025,0.8997169429842297,295,283,294,229,1101
298,A018260,139000,삼성에스디에스,1.7200000286102295,12.850000381469727,990089000000,34.13999938964844,11.760000228881836,10.863179168741397,1.0033493099266617,6.894499280789644,1.6431231160234057,264,260,266,314,1104
299,A239340,2385,줌인터넷,0.0,51.38999938964844,2603000000,66.80999755859375,0.0,24.543708814829042,0.0,16.335616438356166,2.468944099378882,360,23,365,359,1107
300,A302430,6730,이노메트리,1.4800000190734863,239.22999572753906,6712000000,23.350000381469727,0.0,9.676095601907033,2.1536,5.934744268077601,1.254426840633737,247,348,233,285,1113
301,A082920,10350,비츠로셀,0.9599999785423279,29.0,25333000000,15.920000076293945,15.34000015258789,8.799993020960802,1.6707021791767553,6.303288672350792,1.576062128825948,230,326,249,311,1116
302,A004080,8500,신흥,2.3499999046325684,170.49000549316406,2997000000,66.79000091552734,2.3299999237060547,27.227227227227228,0.6633369751833932,10.340632603406325,0.9277450338354071,363,200,324,233,1120
303,A038070,6200,서린바이오,1.6100000143051147,2.8299999237060547,1802000000,31.739999771118164,15.670000076293945,25.806987347391786,0.8433079434167573,9.748427672955975,0.7684680218145761,361,232,320,208,1121
304,A290380,7600,대유,2.890000104904175,2.450000047683716,7042000000,11.59000015258789,13.430000305175781,9.769701789264413,2.3128423615337796,6.946983546617916,1.039671682626539,252,350,268,252,1122
305,A300120,12800,라온피플,0.0,11.800000190734863,5635000000,12.029999732971191,0.0,23.416517622005323,0.0,14.30167597765363,3.379984156324267,356,31,356,379,1122
306,A228670,27400,레이,0.0,210.77999877929688,6047000000,57.08000183105469,0.0,30.147100347279643,0.0,17.232704402515722,3.010327400571303,368,20,369,371,1128
307,A130580,6120,나이스디앤비,2.450000047683716,23.290000915527344,10423000000,25.360000610351562,22.209999084472656,9.042310275352586,1.3450549450549452,7.50920245398773,1.7411095305832147,237,299,281,324,1141
308,A092730,20200,네오팜,3.2100000381469727,36.5,19161000000,23.010000228881836,28.760000228881836,8.652402912165336,1.9549017710248717,7.1151814019020785,1.5765238429719817,224,334,275,312,1145
309,A136540,9980,윈스,3.200000047683716,46.400001525878906,10922000000,47.5,12.039999961853027,11.092550699505585,1.6172419380975531,7.8893280632411065,1.1369332421964,271,320,288,267,1146
310,A016670,1020,포비스티앤씨,0.0,39.25,1906000000,55.7400016784668,3.309999942779541,23.150357754459602,2.125,7.23404255319149,0.6104129263913824,353,345,277,173,1148
311,A042000,20500,카페24,0.0,110.69000244140625,15586000000,29.559999465942383,-45.869998931884766,12.403903406903632,0.9344942334868032,8.516825924387204,1.678676711431379,288,248,306,318,1160
312,A067730,2085,로지시스,4.789999961853027,15.5600004196167,724000000,54.630001068115234,4.489999771118164,26.900307140883978,0.5748552522746071,10.373134328358208,1.3238095238095238,362,182,326,290,1160
313,A017960,4240,한국카본,2.3499999046325684,5.949999809265137,6173000000,18.56999969482422,-0.9700000286102295,30.194979698687835,0.7759882869692533,37.857142857142854,0.6186168660636124,369,221,393,179,1162
314,A263690,4780,디알젬,1.0399999618530273,0.8899999856948853,4205000000,61.400001525878906,0.0,12.874296266349583,0.9111704155547083,8.342059336823734,1.7776124953514318,294,242,301,326,1163
315,A093370,4610,후성,0.5299999713897705,11.579999923706055,39591000000,79.83000183105469,16.040000915527344,10.783194048900002,1.6636593287621797,6.2806539509536785,1.9184352892218062,261,324,246,334,1165
316,A034810,6240,해성산업,2.0,13.100000381469727,2735000000,34.560001373291016,0.5299999713897705,22.313418647166362,3.048363458720078,14.149659863945578,0.4284831422097095,345,368,354,98,1165
317,A003230,71000,삼양식품,0.5600000023841858,27.3700008392334,55177000000,75.80999755859375,16.15999984741211,9.693242927306668,1.066450372506609,9.562289562289562,1.9745807492282448,248,267,317,337,1169
318,A200130,19650,콜마비앤에이치,1.2699999809265137,26.540000915527344,74075000000,51.790000915527344,23.84000015258789,7.837069385082686,1.322697899838449,8.939945404913558,2.2998595505617976,212,295,311,353,1171
319,A068930,6230,디지털대성,3.2100000381469727,25.940000534057617,12604000000,45.52000045776367,8.479999542236328,11.149753990003173,1.050236008091706,9.764890282131661,1.6833288300459335,273,263,321,321,1178
320,A143240,18750,사람인에이치알,3.0899999141693115,44.599998474121094,27293000000,17.450000762939453,25.350000381469727,8.009789369068992,2.3315095747326535,7.1022727272727275,1.9606817944159782,218,351,274,336,1179
321,A004700,36700,조광피혁,0.27000001072883606,5.800000190734863,15847000000,7.570000171661377,10.220000267028809,15.398710456237774,1.4000686682180596,11.46158650843223,0.8873093010323735,318,306,335,225,1184
322,A007700,88100,F&F,1.1299999952316284,64.80999755859375,150736000000,41.4900016784668,25.1299991607666,9.000769557371829,1.4903659093600392,6.956727732154138,2.8087738315373336,235,313,269,370,1187
323,A270870,12600,뉴트리,0.7900000214576721,114.30999755859375,9893000000,20.350000381469727,7.789999961853027,11.555273668250278,1.027648642035723,8.289473684210526,2.094066810703008,279,262,300,346,1187
324,A004310,2855,현대약품,1.5700000524520874,27.6200008392334,1562000000,66.08999633789062,1.4199999570846558,58.48911651728553,0.7633689839572193,10.26978417266187,1.0431128973328463,390,220,323,254,1187
325,A189300,18450,인텔리안테크,0.5400000214576721,46.77000045776367,10303000000,73.77999877929688,13.319999694824219,13.503082781714063,1.2102328632338473,7.592592592592593,1.6832405802390293,302,284,283,320,1189
326,A179290,1945,엠아이텍,2.569999933242798,175.75,5059000000,10.020000457763672,0.0,11.69674250049417,1.8957115009746588,8.20675105485232,1.2467948717948718,281,332,298,284,1195
327,A086450,66900,동국제약,0.7699999809265137,10.069999694824219,55114000000,44.81999969482422,16.270000457763672,10.793533403490946,1.3264861006463893,9.385521885521886,1.739876726222985,263,297,314,323,1197
328,A087260,1595,모바일어플라이언,0.0,39.61000061035156,2748000000,81.41000366210938,7.059999942779541,17.412663755458514,1.153289949385394,7.31651376146789,1.6358974358974359,330,278,278,313,1199
329,A042520,12750,한스바이오메드,0.9399999976158142,20.440000534057617,12594000000,59.5,14.199999809265137,10.025114221057647,1.8248175182481752,8.225806451612904,1.6765285996055226,254,330,299,317,1200
330,A047770,1370,코데즈컴바인,0.0,165.27000427246094,4805000000,81.58000183105469,11.0600004196167,10.789670081165452,1.49890590809628,12.80373831775701,1.3085004775549187,262,314,346,288,1210
331,A034940,2180,조아제약,0.0,317.1300048828125,1325000000,58.84000015258789,1.190000057220459,47.33224226415094,0.9356223175965666,10.9,1.14797261716693,386,249,332,268,1235
332,A215100,1705,로보로보,1.7000000476837158,55.880001068115234,2734000000,5.800000190734863,10.890000343322754,11.0996210936357,2.00352526439483,12.355072463768115,1.2427113702623906,272,336,344,283,1235
333,A299900,2600,위지윅스튜디오,0.0,102.4000015258789,5017000000,34.34000015258789,0.0,15.09697799481762,2.113821138211382,7.647058823529412,1.3859275053304905,315,343,285,297,1240
334,A002960,225000,한국쉘석유,8.4399995803833,3.2699999809265137,31022000000,45.25,25.09000015258789,9.428792469860099,1.3712655867188357,10.798099534481931,3.110656417629818,244,304,329,374,1251
335,A078000,10450,텔코웨어,6.21999979019165,15.779999732971191,6032000000,13.630000114440918,5.800000190734863,16.809230387931034,2.4173027989821882,12.222222222222221,0.9360444285202436,326,352,342,236,1256
336,A042510,1375,라온시큐어,290.8999938964844,21.079999923706055,4023000000,35.150001525878906,21.09000015258789,10.872039895600299,1.631079478054567,9.615384615384615,2.4864376130198913,267,322,318,362,1269
337,A060240,2480,룽투코리아,0.0,2893.909912109375,3676000000,15.649999618530273,22.559999465942383,17.15577375408052,2.1106382978723404,35.42857142857143,0.7654320987654321,329,342,392,207,1270
338,A064760,48050,티씨케이,1.8700000047683716,23.770000457763672,59075000000,16.290000915527344,28.43000030517578,9.49612780363944,3.2830008198961464,8.106968112029694,2.6792684286829487,245,371,291,367,1274
339,A034950,55700,한국기업평가,15.470000267028809,24.709999084472656,31647000000,28.860000610351562,20.959999084472656,7.991488286409454,2.726783179125667,12.12979094076655,2.3610698995379593,216,364,341,357,1278
340,A036120,1245,SCI평가정보,0.0,22551.240234375,1323000000,25.1200008392334,10.010000228881836,33.40702947845805,0.8521560574948666,11.63551401869159,2.011308562197092,374,233,338,339,1284
341,A094360,6440,칩스앤미디어,2.359999895095825,77.69999694824219,3594000000,11.739999771118164,14.90999984741211,13.2878792097941,2.9568411386593203,9.319826338639652,1.487985212569316,300,367,313,305,1285
342,A119860,17800,다나와,1.7899999618530273,32.279998779296875,20166000000,20.530000686645508,19.68000030517578,11.540802915798869,2.0202020202020203,9.64769647696477,2.2500316015674375,278,337,319,351,1285
343,A271560,101500,오리온,0.5899999737739563,16.09000015258789,327588000000,47.060001373291016,14.239999771118164,12.249891320805402,1.9833515710489291,8.557457212713937,2.4730763608011306,287,335,307,360,1289
344,A032620,3075,유비케어,1.1299999952316284,21.989999771118164,9158000000,24.43000030517578,7.78000020980835,17.52633789309893,1.451841359773371,12.920168067226891,1.5413533834586466,331,309,347,307,1294
345,A078070,12550,유비쿼스홀딩스,1.190000057220459,1012.3099975585938,17421000000,13.5600004196167,5.119999885559082,13.468955938235464,2.1289228159457165,20.986622073578594,1.1854160763200152,301,347,378,274,1300
346,A290720,13600,푸드나무,0.7300000190734863,51.060001373291016,6542000000,7.849999904632568,22.09000015258789,14.148893671660042,1.5107753832481672,12.523020257826888,1.8475750577367205,308,316,345,332,1301
347,A278280,38400,천보,0.0,49.91999816894531,27040000000,25.229999542236328,24.530000686645508,14.201183431952662,2.5930177594705923,8.45442536327609,1.8376722817764166,309,359,304,331,1303
348,A194700,20350,노바렉스,0.9800000190734863,14.520000457763672,11334000000,34.43000030517578,14.510000228881836,16.166058673019233,1.2947763568110964,13.450099140779907,2.0880361173814896,322,291,350,344,1307
349,A029960,6500,코엔텍,6.150000095367432,62.16999816894531,27649000000,31.309999465942383,27.600000381469727,11.754493833411697,5.138339920948616,8.155583437892096,2.1797451374916164,282,384,296,348,1310
350,A203650,1125,드림시큐리티,0.0,190.27999877929688,3145000000,12.229999542236328,14.3100004196167,18.102217249602543,1.4763779527559056,11.363636363636363,1.9165247018739353,334,311,333,333,1311
351,A148250,6130,알엔투테크놀로지,0.6499999761581421,116.19999694824219,1543000000,75.7699966430664,4.429999828338623,27.957714329228775,2.127733425893787,8.455172413793104,1.3849977406235878,366,346,305,296,1313
352,A019550,403,SBI인베스트먼트,0.0,14.0600004196167,2878000000,18.84000015258789,3.109999895095825,22.693825477762335,3.330578512396694,57.57142857142857,0.7380952380952381,347,372,397,199,1315
353,A256940,19550,케이피에스,0.5099999904632568,92.19000244140625,8196000000,23.65999984741211,24.030000686645508,10.222555697901415,6.540649046503847,8.574561403508772,2.6519262072707543,257,389,308,365,1319
354,A182360,1450,큐브엔터,0.0,814.5599975585938,1930000000,72.37999725341797,6.78000020980835,19.964747227979274,1.213389121338912,12.288135593220339,2.2445820433436534,342,285,343,350,1320
355,A068330,1230,일신바이오,0.4000000059604645,29.700000762939453,3036000000,13.140000343322754,8.90999984741211,17.91365355731225,2.633832976445396,11.60377358490566,1.3666666666666667,333,361,337,294,1325
356,A047820,810,초록뱀,0.0,1194.760009765625,1283000000,75.77999877929688,-17.889999389648438,54.19092619641465,1.5,25.3125,0.9735576923076923,389,315,384,245,1333
357,A030190,11400,NICE평가정보,1.659999966621399,14.029999732971191,48605000000,35.13999938964844,20.709999084472656,14.240282851558481,1.7048003589053387,10.826210826210826,3.148301574150787,310,327,330,375,1342
358,A045390,2500,대아티아이,0.800000011920929,9.729999542236328,7815000000,33.220001220703125,7.159999847412109,22.761203454894435,1.6589250165892502,14.45086705202312,1.8221574344023324,348,323,357,330,1358
359,A092130,15500,이크레더블,4.769999980926514,9.180000305175781,16726000000,16.610000610351562,26.809999465942383,11.160815496831281,4.5615067686874635,10.347129506008011,3.475336322869955,274,379,325,381,1359
360,A093320,37450,케이아이엔엑스,1.059999942779541,43.84000015258789,13164000000,9.529999732971191,19.549999237060547,13.883014281373443,2.9356431762953674,11.417682926829269,2.380498347317569,303,366,334,358,1361
361,A108490,5900,로보티즈,0.0,23.399999618530273,1750000000,11.850000381469727,0.0,37.93194285714286,2.600264433671221,18.04281345565749,1.0547014658562746,379,360,373,256,1368
362,A214150,7050,클래시스,0.6499999761581421,138.66000366210938,41709000000,29.280000686645508,48.060001373291016,10.937678544199093,5.4314329738058555,9.86013986013986,5.0106609808102345,268,385,322,397,1372
363,A239610,40000,에이치엘사이언스,0.75,129.69000244140625,12248000000,13.369999885559082,18.709999084472656,16.79342913128674,1.7955739103110833,15.24390243902439,2.669692317960355,324,329,362,366,1381
364,A263750,161200,펄어비스,0.0,182.2100067138672,168108000000,74.62999725341797,42.869998931884766,12.487850667428082,4.033630267240516,10.847183904178722,3.8458785637599906,290,376,331,385,1382
365,A230360,16200,에코마케팅,2.4000000953674316,113.83999633789062,16864000000,33.540000915527344,19.459999084472656,15.561123066888046,2.4298785060746964,12.939297124600639,2.54957507082153,319,354,348,363,1384
366,A131970,46000,테스나,0.36000001430511475,90.05999755859375,18749000000,37.040000915527344,21.8700008392334,16.806229665582165,3.5864649929830033,9.510026876162911,3.2506536640520105,325,374,316,378,1393
367,A043340,1095,에쎈테크,0.0,358.25,2696000000,59.61000061035156,6.860000133514404,29.2433234421365,1.4757412398921832,13.518518518518519,2.6904176904176906,367,310,351,368,1396
368,A007110,1120,일신석재,0.0,48.4900016784668,1445000000,57.08000183105469,0.8100000023841858,60.03557314878893,1.3526570048309179,26.046511627906977,1.6816816816816818,391,302,385,319,1397
369,A053800,40300,안랩,2.2300000190734863,5.730000019073486,17701000000,25.90999984741211,12.079999923706055,22.798619089316986,2.4204204204204203,15.626211709965103,2.01218294387857,349,353,364,340,1406
370,A060310,1430,3S,0.0,398.67999267578125,1662000000,55.150001525878906,4.329999923706055,38.54849021058965,2.1153846153846154,14.158415841584159,1.8193384223918576,380,344,355,329,1408
371,A039860,3145,나노엔텍,0.0,7.96999979019165,3051000000,13.680000305175781,15.100000381469727,27.3502713913471,3.176767676767677,11.5625,2.034282018111255,364,370,336,341,1411
372,A051900,1097000,LG생활건강,1.0,13.199999809265137,1176411000000,53.2599983215332,20.31999969482422,14.563925455474319,2.5290133389892246,13.591872134803618,4.687192897001393,312,357,352,391,1412
373,A207760,3875,미스터블루,0.5099999904632568,9.170000076293945,3953000000,37.959999084472656,9.029999732971191,24.021474955729825,1.927860696517413,20.287958115183248,2.286135693215339,357,333,377,352,1419
374,A067160,40200,아프리카TV,1.159999966621399,48.029998779296875,27123000000,69.58999633789062,26.600000381469727,17.036818692622496,2.855519249893451,13.696763202725725,4.071710726223032,327,365,353,388,1433
375,A074430,1090,아미노로직스,0.0,288.7699890136719,4180000000,6.900000095367432,16.260000228881836,22.902215301435408,5.046296296296297,22.708333333333332,1.752411575562701,350,382,382,325,1439
376,A000250,21850,삼천당제약,0.2199999988079071,62.63999938964844,25210000000,30.0,6.820000171661377,19.159540422451407,2.5885558583106265,18.98349261511729,3.0593671240548868,337,358,374,372,1441
377,A131370,2395,알서포트,0.4099999964237213,59.2599983215332,5478000000,9.6899995803833,9.729999542236328,23.28854760587806,4.570610687022901,16.866197183098592,2.091703056768559,354,380,367,345,1446
378,A008930,20100,한미사이언스,0.9700000286102295,46.81999969482422,16145000000,41.060001373291016,4.730000019073486,82.1817339671725,1.6247676016490178,54.47154471544715,2.0550046007565688,392,321,396,343,1452
379,A092040,11750,아미코젠,0.41999998688697815,17.389999389648438,2225000000,44.25,37.11000061035156,101.43027752808989,2.4820447824250107,16.526019690576653,2.0051194539249146,394,355,366,338,1453
380,A101490,13800,에스앤에스텍,0.36000001430511475,112.29000091552734,11098000000,53.04999923706055,13.0600004196167,24.540238583528563,4.638655462184874,13.294797687861271,3.074181332145244,359,381,349,373,1462
381,A035900,16550,JYP Ent.,0.7300000190734863,47.709999084472656,28748000000,24.520000457763672,22.520000457763672,20.43419081675247,3.968824940047962,16.974358974358974,3.823053823053823,343,375,368,384,1470
382,A052670,4185,제일바이오,0.6399999856948853,26.469999313354492,1403000000,8.920000076293945,3.4600000381469727,44.743406985032074,2.6741214057507987,31.946564885496183,1.9519589552238805,384,362,389,335,1470
383,A058470,70500,리노공업,1.559999942779541,4.150000095367432,51196000000,7.519999980926514,19.81999969482422,20.989668821782953,7.132739781464994,14.48530922539552,3.763613068545804,344,392,359,383,1478
384,A289080,2570,SV인베스트먼트,2.3299999237060547,5.619999885559082,7986000000,14.0,19.34000015258789,17.131402454295017,9.21146953405018,75.58823529411765,2.4759152215799616,328,396,398,361,1483
385,A036570,530000,엔씨소프트,1.1399999856948853,5.110000133514404,614929000000,23.639999389648438,16.440000534057617,18.921910757176846,7.421721839466756,17.867376866803763,4.72269746221842,336,394,372,394,1496
386,A213420,20700,덕산네오룩스,0.0,10.460000038146973,20319000000,13.75,14.279999732971191,24.46022188099808,5.471847739888977,21.296296296296298,3.23538605814317,358,386,379,376,1499
387,A214370,76500,케어젠,0.7799999713897705,15.529999732971191,36565000000,5.25,12.760000228881836,22.47612470942158,15.115589804386484,19.1921726041144,3.4266517357222845,346,399,375,380,1500
388,A058820,2790,CMG제약,0.0,64.75,2567000000,10.0,6.010000228881836,150.9580680794702,5.728952772073922,45.0,1.8105126541207008,397,387,395,328,1507
389,A230240,27800,에치에프알,0.0,1.899999976158142,2874000000,60.22999954223633,0.0,115.90123729993041,2.1089364284630556,31.483578708946773,3.9954009772923254,395,341,387,387,1510
390,A053580,30400,웹케시,0.49000000953674316,44.70000076293945,5799000000,57.2400016784668,26.34000015258789,35.456994654250735,3.122432210353328,21.606254442075336,3.889955214331414,376,369,380,386,1511
391,A206640,10800,바디텍메드,0.46000000834465027,126.01000213623047,6494000000,52.06999969482422,-2.5399999618530273,39.02991278102864,3.5213563743071403,19.529837251356238,3.5916195543731293,381,373,376,382,1512
392,A253450,69100,스튜디오드래곤,0.0,20.969999313354492,39891000000,27.68000030517578,9.3100004196167,48.669102479255976,4.098944121485348,17.58269720101781,4.5030954708374065,387,377,371,390,1525
393,A263720,14800,디앤씨미디어,0.0,6.789999961853027,5801000000,19.479999542236328,14.359999656677246,31.31729750043096,4.197390811117414,32.10412147505423,4.372230428360414,371,378,390,389,1528
394,A012510,55500,더존비즈온,0.8100000023841858,6.889999866485596,54002000000,53.0,23.360000610351562,30.49581219214103,6.6063563861445065,22.050059594755663,4.826086956521739,370,390,381,396,1537
395,A218410,38150,RFHIC,0.5199999809265137,230.75999450683594,26711000000,43.11000061035156,17.219999313354492,34.06037598742091,7.95122967903293,28.1549815498155,4.694229112833764,375,395,386,392,1548
396,A009420,14900,한올바이오파마,0.0,212.2100067138672,17089000000,36.290000915527344,14.899999618530273,45.54892072093159,7.1772639691714835,31.837606837606838,5.543154761904762,385,393,388,398,1564
397,A290650,37400,엘앤씨바이오,0.0,12.430000305175781,5477000000,8.670000076293945,0.0,50.25360905605258,9.847288046340179,32.550043516100956,4.710920770877944,388,397,391,393,1569
398,A048410,6650,현대바이오,75.18000030517578,8.149999618530273,1582000000,33.400001525878906,7.340000152587891,150.97381924778762,7.127545551982851,41.5625,4.79106628242075,398,391,394,395,1578
399,A096530,67200,씨젠,0.0,40.61000061035156,10624000000,27.6200008392334,8.760000228881836,165.93807831325302,14.883720930232558,90.3225806451613,12.015018773466833,399,398,399,400,1596
400,A005690,9220,파미셀,0.0,654.7100219726562,1963000000,22.799999237060547,-27.920000076293945,281.62074325012736,16.794171220400727,111.08433734939759,10.733410942956926,400,400,400,399,1599
